,url,answer,ET_predict,LinSVC_predict
0,http://scontent-a.cdninstagram.com/hphotos-xpf1/t51.2885-15/10543538_496486350483365_1799136205_n.jpg,1.0,1.0,1.0
1,http://scontent-b.cdninstagram.com/hphotos-xpa1/t51.2885-15/10561130_883515855010578_1551528844_n.jpg,1.0,1.0,1.0
2,http://scontent-a.cdninstagram.com/hphotos-xpa1/t51.2885-15/10514095_1478784375698397_98319001_n.jpg,1.0,1.0,1.0
3,http://scontent-b.cdninstagram.com/hphotos-xfa1/t51.2885-15/915599_657845714304731_234261104_n.jpg,1.0,1.0,1.0
4,http://scontent-b.cdninstagram.com/hphotos-xfp1/t51.2885-15/10547259_566702563439315_1566569765_n.jpg,1.0,1.0,1.0
5,http://scontent-b.cdninstagram.com/hphotos-xap1/l/t51.2885-15/925578_318941878282674_89094153_n.jpg,1.0,1.0,1.0
6,http://scontent-b.cdninstagram.com/hphotos-xpa1/t51.2885-15/927367_324229647735118_1668939331_n.jpg,1.0,1.0,1.0
7,http://scontent-b.cdninstagram.com/hphotos-xpf1/t51.2885-15/10449016_1474572982783160_377339281_n.jpg,1.0,1.0,1.0
8,http://scontent-a.cdninstagram.com/hphotos-xpa1/t51.2885-15/923692_656866464395504_1877234985_n.jpg,1.0,1.0,1.0
9,http://scontent-a.cdninstagram.com/hphotos-xfa1/t51.2885-15/10499326_408160639322836_108607211_n.jpg,1.0,1.0,1.0
10,http://scontent-a.cdninstagram.com/hphotos-xpa1/t51.2885-15/10513811_280614278788242_1859063794_n.jpg,1.0,1.0,1.0
11,http://scontent-b.cdninstagram.com/hphotos-xpa1/t51.2885-15/10448995_683943998325721_1454188114_n.jpg,1.0,1.0,1.0
12,http://scontent-b.cdninstagram.com/hphotos-xpa1/t51.2885-15/10472075_518126218287631_324285547_n.jpg,1.0,1.0,1.0
13,http://scontent-b.cdninstagram.com/hphotos-xpa1/t51.2885-15/10424671_305913556239712_1131374739_n.jpg,1.0,1.0,1.0
14,http://scontent-b.cdninstagram.com/hphotos-xfp1/t51.2885-15/10544091_1397711173784755_2012729405_n.jpg,1.0,1.0,1.0
15,http://scontent-a.cdninstagram.com/hphotos-xap1/t51.2885-15/10561071_1507470089488970_1472655854_n.jpg,1.0,1.0,1.0
16,http://scontent-a.cdninstagram.com/hphotos-xpa1/t51.2885-15/928312_277675972418224_1950222844_n.jpg,1.0,1.0,1.0
17,http://scontent-a.cdninstagram.com/hphotos-xap1/t51.2885-15/10547301_1441374109471642_1623949660_n.jpg,1.0,0.0,1.0
18,http://scontent-b.cdninstagram.com/hphotos-xpf1/t51.2885-15/10507931_526201300841412_1544330264_n.jpg,1.0,1.0,1.0
19,http://scontent-b.cdninstagram.com/hphotos-xpf1/l/t51.2885-15/10413833_1396688560551714_497580777_n.jpg,1.0,1.0,1.0
20,http://scontent-a.cdninstagram.com/hphotos-xpf1/t51.2885-15/10401788_566334263479600_1145640739_n.jpg,1.0,1.0,1.0
21,http://scontent-a.cdninstagram.com/hphotos-xpa1/t51.2885-15/928561_526546790800552_1160467419_n.jpg,1.0,1.0,1.0
22,http://scontent-b.cdninstagram.com/hphotos-xfp1/t51.2885-15/10424478_645776562158792_1731434319_n.jpg,1.0,1.0,1.0
23,http://scontent-b.cdninstagram.com/hphotos-xpf1/t51.2885-15/10375888_243299712533471_1517435891_n.jpg,1.0,1.0,1.0
24,http://scontent-b.cdninstagram.com/hphotos-xfp1/t51.2885-15/10424409_811729202170518_1026267163_n.jpg,1.0,1.0,1.0
25,http://scontent-a.cdninstagram.com/hphotos-xfp1/t51.2885-15/10401763_584611184969780_1159331903_n.jpg,1.0,1.0,1.0
26,http://scontent-b.cdninstagram.com/hphotos-xpf1/t51.2885-15/10375865_1475673932649649_929259259_n.jpg,1.0,0.0,1.0
27,http://scontent-a.cdninstagram.com/hphotos-xap1/t51.2885-15/10299879_701178263274222_999718109_n.jpg,1.0,1.0,1.0
28,http://scontent-a.cdninstagram.com/hphotos-xfp1/t51.2885-15/10358455_235496426648578_1947330101_n.jpg,1.0,0.0,0.0
29,http://scontent-b.cdninstagram.com/hphotos-xap1/t51.2885-15/1389546_283169458509197_800911153_n.jpg,1.0,1.0,1.0
30,http://scontent-a.cdninstagram.com/hphotos-xpa1/t51.2885-15/928513_232068480322045_2084803756_n.jpg,1.0,1.0,1.0
31,http://scontent-b.cdninstagram.com/hphotos-xpf1/t51.2885-15/10175087_865847490097990_844462792_n.jpg,1.0,0.0,0.0
32,http://scontent-b.cdninstagram.com/hphotos-xfp1/t51.2885-15/10254247_626703434084481_2143233755_n.jpg,1.0,1.0,1.0
33,http://scontent-b.cdninstagram.com/hphotos-xfp1/t51.2885-15/10431861_673667996040550_1093598244_n.jpg,1.0,1.0,1.0
34,http://scontent-a.cdninstagram.com/hphotos-xap1/t51.2885-15/10251471_330173897136834_254995831_n.jpg,1.0,0.0,1.0
35,http://scontent-a.cdninstagram.com/hphotos-xpf1/t51.2885-15/10424395_1610748659150938_274139438_n.jpg,1.0,1.0,1.0
36,http://scontent-a.cdninstagram.com/hphotos-xap1/t51.2885-15/10354500_539645956145447_1287510678_n.jpg,1.0,1.0,1.0
37,http://scontent-a.cdninstagram.com/hphotos-xpf1/t51.2885-15/10268873_312523715570932_1410173686_n.jpg,1.0,0.0,0.0
38,http://scontent-a.cdninstagram.com/hphotos-xpa1/t51.2885-15/10522335_1450058005249451_816866370_n.jpg,1.0,1.0,1.0
39,http://scontent-a.cdninstagram.com/hphotos-xpf1/t51.2885-15/10534870_1462222250698361_478874277_n.jpg,1.0,1.0,1.0
40,http://scontent-a.cdninstagram.com/hphotos-xpa1/t51.2885-15/10538729_1445622249038573_1693032307_n.jpg,1.0,1.0,1.0
41,http://scontent-a.cdninstagram.com/hphotos-xpa1/t51.2885-15/10561046_422533634551495_1712557136_n.jpg,1.0,1.0,1.0
42,http://scontent-a.cdninstagram.com/hphotos-xpa1/t51.2885-15/925556_914376781921805_1505481328_n.jpg,1.0,1.0,1.0
43,http://scontent-b.cdninstagram.com/hphotos-xfp1/t51.2885-15/10518088_534361560002281_466325668_n.jpg,1.0,1.0,1.0
44,http://scontent-b.cdninstagram.com/hphotos-xpf1/t51.2885-15/10549718_793285717378689_1562048565_n.jpg,1.0,0.0,0.0
45,http://scontent-b.cdninstagram.com/hphotos-xap1/t51.2885-15/10518018_254298898099736_428427951_n.jpg,1.0,1.0,1.0
46,http://scontent-a.cdninstagram.com/hphotos-xpa1/t51.2885-15/927359_664246150336533_603378919_n.jpg,1.0,1.0,1.0
47,http://scontent-b.cdninstagram.com/hphotos-xfp1/t51.2885-15/10354351_461449743991679_1667611175_n.jpg,1.0,1.0,1.0
48,http://scontent-a.cdninstagram.com/hphotos-xfp1/t51.2885-15/10467889_254614508072759_1883678600_n.jpg,1.0,1.0,0.0
49,http://scontent-a.cdninstagram.com/hphotos-xpf1/t51.2885-15/10488709_650288228396265_526465362_n.jpg,1.0,1.0,1.0
50,http://scontent-a.cdninstagram.com/hphotos-xpf1/t51.2885-15/10483529_658389087581330_200507789_n.jpg,1.0,1.0,1.0
51,http://scontent-b.cdninstagram.com/hphotos-xpf1/t51.2885-15/10268834_785003338200964_172660614_n.jpg,1.0,1.0,1.0
52,http://scontent-b.cdninstagram.com/hphotos-xap1/t51.2885-15/10518270_257902957745272_6103256_n.jpg,1.0,0.0,1.0
53,http://scontent-a.cdninstagram.com/hphotos-xap1/t51.2885-15/10508004_1434859333453364_1426359686_n.jpg,1.0,1.0,1.0
54,http://scontent-b.cdninstagram.com/hphotos-xpf1/t51.2885-15/10507966_1438371596432794_259386033_n.jpg,1.0,1.0,1.0
55,http://scontent-b.cdninstagram.com/hphotos-xap1/t51.2885-15/10522203_1455781201350988_1436921961_n.jpg,1.0,1.0,1.0
56,http://scontent-b.cdninstagram.com/hphotos-xpa1/t51.2885-15/925858_324169537735455_1459517939_n.jpg,1.0,1.0,1.0
57,http://scontent-b.cdninstagram.com/hphotos-xpf1/t51.2885-15/10375731_284185785076255_1868788427_n.jpg,1.0,1.0,1.0
58,http://scontent-a.cdninstagram.com/hphotos-xap1/t51.2885-15/10251357_628402383901467_1975500516_n.jpg,1.0,1.0,1.0
59,http://scontent-b.cdninstagram.com/hphotos-xfa1/t51.2885-15/1724598_282994431860441_2127677360_n.jpg,1.0,1.0,1.0
60,http://scontent-b.cdninstagram.com/hphotos-xfp1/t51.2885-15/10005649_469299609866018_929284580_n.jpg,1.0,1.0,1.0
61,http://scontent-a.cdninstagram.com/hphotos-xaf1/t51.2885-15/1889166_476911015764283_1300594552_n.jpg,1.0,1.0,1.0
62,http://scontent-a.cdninstagram.com/hphotos-xpf1/t51.2885-15/1742183_605072976227764_419550575_n.jpg,1.0,1.0,1.0
63,http://scontent-a.cdninstagram.com/hphotos-xfa1/t51.2885-15/915494_359901217485650_97886285_n.jpg,1.0,1.0,1.0
64,http://scontent-b.cdninstagram.com/hphotos-xaf1/t51.2885-15/1169728_771014396256991_1258512093_n.jpg,1.0,1.0,1.0
65,http://scontent-a.cdninstagram.com/hphotos-xpa1/t51.2885-15/1660952_616786788374975_477518948_n.jpg,1.0,1.0,1.0
66,http://scontent-a.cdninstagram.com/hphotos-xfa1/t51.2885-15/1168477_1408565596053434_2096945187_n.jpg,1.0,1.0,1.0
67,http://scontent-b.cdninstagram.com/hphotos-xpa1/t51.2885-15/1172975_599764060084139_188607677_n.jpg,1.0,1.0,1.0
68,http://scontent-b.cdninstagram.com/hphotos-xap1/t51.2885-15/1172323_770517476308233_189103923_n.jpg,1.0,1.0,1.0
69,http://scontent-a.cdninstagram.com/hphotos-xap1/t51.2885-15/1169301_192226720967304_1335320950_n.jpg,1.0,1.0,1.0
70,http://scontent-a.cdninstagram.com/hphotos-xpa1/outbound-distilleryimage7/t0.0-17/OBPTH/1f39e4c4393f11e3bcfd22000a1f9d84_8.jpg,1.0,1.0,1.0
71,http://scontent-b.cdninstagram.com/hphotos-xfp1/outbound-distilleryimage1/t0.0-17/OBPTH/35a875842ad711e393a222000a1fb70a_7.jpg,1.0,1.0,1.0
72,http://scontent-b.cdninstagram.com/hphotos-xfp1/outbound-distilleryimage11/t0.0-17/OBPTH/66818022218d11e3b84422000a1fa53a_7.jpg,1.0,1.0,1.0
73,http://scontent-a.cdninstagram.com/hphotos-xfa1/outbound-distilleryimage9/t0.0-17/OBPTH/754c8c4c218c11e390b722000a9f0a3d_7.jpg,1.0,1.0,1.0
74,http://scontent-a.cdninstagram.com/hphotos-xaf1/outbound-distilleryimage3/t0.0-17/OBPTH/b19f87c4218911e39e0b22000ab5ba47_7.jpg,1.0,1.0,1.0
75,http://scontent-b.cdninstagram.com/hphotos-xaf1/t51.2885-15/10251282_520722801389353_597738120_n.jpg,1.0,1.0,1.0
76,http://scontent-a.cdninstagram.com/hphotos-xpf1/t51.2885-15/10013084_450850708380455_1429741288_n.jpg,1.0,1.0,1.0
77,http://scontent-b.cdninstagram.com/hphotos-xfp1/outbound-distilleryimage11/t0.0-17/OBPTH/a792ad42b16711e3842312b392e636d3_8.jpg,1.0,1.0,1.0
78,http://scontent-a.cdninstagram.com/hphotos-xaf1/outbound-distilleryimage6/t0.0-17/OBPTH/5c07f798b09411e3b7ed12d69d74e3c2_8.jpg,1.0,1.0,1.0
79,http://scontent-a.cdninstagram.com/hphotos-xfa1/outbound-distilleryimage9/t0.0-17/OBPTH/05af9e58ad4411e38fad1290e8e859c5_8.jpg,1.0,1.0,1.0
80,http://scontent-b.cdninstagram.com/hphotos-xap1/outbound-distilleryimage11/t0.0-17/OBPTH/66ebe97aac9e11e3a4e812facb70fe0b_8.jpg,1.0,1.0,1.0
81,http://scontent-a.cdninstagram.com/hphotos-xaf1/outbound-distilleryimage5/t0.0-17/OBPTH/f7301e4eac7f11e3b24a12b22605d8d1_8.jpg,1.0,1.0,1.0
82,http://scontent-a.cdninstagram.com/hphotos-xfa1/outbound-distilleryimage9/t0.0-17/OBPTH/373fd302a7c211e3bc1b0e560c5e4f79_8.jpg,1.0,1.0,1.0
83,http://scontent-a.cdninstagram.com/hphotos-xpa1/outbound-distilleryimage3/t0.0-17/OBPTH/7d300b1ca18111e38302122de019cc27_8.jpg,1.0,1.0,1.0
84,http://scontent-a.cdninstagram.com/hphotos-xfa1/outbound-distilleryimage9/t0.0-17/OBPTH/9a7b0254a12111e39691126acd5603fd_8.jpg,1.0,1.0,1.0
85,http://scontent-b.cdninstagram.com/hphotos-xpa1/t51.2885-15/1962890_531818733599130_1143092429_n.jpg,1.0,0.0,1.0
86,http://scontent-b.cdninstagram.com/hphotos-xap1/t51.2885-15/923718_317906878374889_20476576_n.jpg,1.0,1.0,1.0
87,http://scontent-b.cdninstagram.com/hphotos-xaf1/t51.2885-15/10584552_270620439807110_182009075_n.jpg,1.0,1.0,0.0
88,http://scontent-b.cdninstagram.com/hphotos-xfp1/t51.2885-15/10547106_599787076807749_2056870489_n.jpg,1.0,1.0,1.0
89,http://scontent-a.cdninstagram.com/hphotos-xaf1/t51.2885-15/10554012_836855919658753_309918007_n.jpg,1.0,1.0,1.0
90,http://scontent-a.cdninstagram.com/hphotos-xpa1/t51.2885-15/10514134_257228791144182_876971373_n.jpg,1.0,1.0,1.0
91,http://scontent-a.cdninstagram.com/hphotos-xfa1/t51.2885-15/1725322_467500733377075_1643175736_n.jpg,1.0,0.0,0.0
92,http://scontent-b.cdninstagram.com/hphotos-xfa1/t51.2885-15/917471_1467287546820276_1173214483_n.jpg,1.0,1.0,1.0
93,http://scontent-b.cdninstagram.com/hphotos-xpa1/t51.2885-15/928453_802306073130384_1281437778_n.jpg,1.0,1.0,1.0
94,http://scontent-a.cdninstagram.com/hphotos-xap1/t51.2885-15/1723647_589128307844923_807201838_n.jpg,1.0,1.0,1.0
95,http://scontent-b.cdninstagram.com/hphotos-xaf1/t51.2885-15/1738308_532991250147782_1295581178_n.jpg,1.0,1.0,1.0
96,http://scontent-a.cdninstagram.com/hphotos-xfp1/t51.2885-15/1740271_1464913567055422_1099242997_n.jpg,1.0,1.0,1.0
97,http://scontent-b.cdninstagram.com/hphotos-xpa1/t51.2885-15/1530610_424056714393060_418926143_n.jpg,1.0,1.0,1.0
98,http://scontent-a.cdninstagram.com/hphotos-xfa1/t51.2885-15/915494_599576136788358_1209188521_n.jpg,1.0,1.0,1.0
99,http://scontent-a.cdninstagram.com/hphotos-xpa1/t51.2885-15/1688115_1417763468466156_2022357680_n.jpg,1.0,1.0,0.0
100,http://scontent-a.cdninstagram.com/hphotos-xpa1/t51.2885-15/1739588_1420051204902232_1710388832_n.jpg,1.0,1.0,1.0
101,http://scontent-a.cdninstagram.com/hphotos-xap1/t51.2885-15/926622_613102438744669_1889549409_n.jpg,1.0,1.0,1.0
102,http://scontent-a.cdninstagram.com/hphotos-xpa1/t51.2885-15/1171028_409158339214829_1639844287_n.jpg,1.0,0.0,0.0
103,http://scontent-a.cdninstagram.com/hphotos-xpa1/outbound-distilleryimage2/t0.0-17/OBPTH/12b2a88c7a8d11e3bc1c12e227db9016_7.jpg,1.0,0.0,0.0
104,http://scontent-a.cdninstagram.com/hphotos-xpa1/t51.2885-15/924869_752150878146922_12701804_n.jpg,1.0,1.0,1.0
105,http://scontent-a.cdninstagram.com/hphotos-xap1/t51.2885-15/1169214_187899831416219_877438482_n.jpg,1.0,1.0,1.0
106,http://scontent-b.cdninstagram.com/hphotos-xpa1/t51.2885-15/925432_1448007842087298_1318778882_n.jpg,1.0,1.0,1.0
107,http://scontent-a.cdninstagram.com/hphotos-xap1/t51.2885-15/926064_228993090615826_1338841782_n.jpg,1.0,0.0,1.0
108,http://scontent-a.cdninstagram.com/hphotos-xpf1/t51.2885-15/1173215_424420787659075_1747792502_n.jpg,1.0,1.0,1.0
109,http://scontent-b.cdninstagram.com/hphotos-xpa1/t51.2885-15/1172621_657007917683419_6483419_n.jpg,1.0,1.0,0.0
110,http://scontent-a.cdninstagram.com/hphotos-xpa1/t51.2885-15/1172690_608614585840344_1455870042_n.jpg,1.0,1.0,1.0
111,http://scontent-b.cdninstagram.com/hphotos-xfp1/t51.2885-15/1389919_1433696576845796_1106184820_n.jpg,1.0,1.0,1.0
112,http://scontent-a.cdninstagram.com/hphotos-xfa1/t51.2885-15/1173140_243608975797539_1693224493_n.jpg,1.0,1.0,1.0
113,http://scontent-b.cdninstagram.com/hphotos-xfa1/t51.2885-15/10467730_622709111181685_1127143091_n.jpg,1.0,1.0,1.0
114,http://scontent-b.cdninstagram.com/hphotos-xap1/t51.2885-15/10311093_642165812518633_523748975_n.jpg,1.0,0.0,1.0
115,http://scontent-a.cdninstagram.com/hphotos-xfa1/outbound-distilleryimage2/t0.0-17/OBPTH/df969c48b31111e3a9a512a1e226fcfe_7.jpg,1.0,1.0,1.0
116,http://scontent-a.cdninstagram.com/hphotos-xfa1/outbound-distilleryimage9/t0.0-17/OBPTH/e163776ab30911e3bc1b0e560c5e4f79_7.jpg,1.0,1.0,1.0
117,http://scontent-a.cdninstagram.com/hphotos-xpa1/outbound-distilleryimage7/t0.0-17/OBPTH/b51fbf7aad3111e3a744126758c35937_8.jpg,1.0,1.0,1.0
118,http://scontent-b.cdninstagram.com/hphotos-xfp1/outbound-distilleryimage8/t0.0-17/OBPTH/56eb48eeacc211e3891512aaa58e1840_8.jpg,1.0,1.0,1.0
119,http://scontent-b.cdninstagram.com/hphotos-xfp1/outbound-distilleryimage7/t0.0-17/OBPTH/e4f1c86aa80e11e3825e12d74921a67b_8.jpg,1.0,1.0,1.0
120,http://scontent-a.cdninstagram.com/hphotos-xpa1/outbound-distilleryimage1/t0.0-17/OBPTH/842f725aa5b311e3843012662e784cb1_8.jpg,1.0,1.0,0.0
121,http://scontent-b.cdninstagram.com/hphotos-xfa1/t51.2885-15/1739860_1406793926245035_2032775790_n.jpg,1.0,0.0,0.0
122,http://scontent-a.cdninstagram.com/hphotos-xpf1/t51.2885-15/1599957_467764319992378_631870376_n.jpg,1.0,1.0,1.0
123,http://scontent-a.cdninstagram.com/hphotos-xfa1/t51.2885-15/10576064_262502843940251_523348323_n.jpg,0.0,1.0,1.0
124,http://scontent-a.cdninstagram.com/hphotos-xfa1/t51.2885-15/10575977_271052399767615_896800368_n.jpg,0.0,0.0,0.0
125,http://scontent-b.cdninstagram.com/hphotos-xpa1/t51.2885-15/928636_704202829649887_541257724_n.jpg,0.0,1.0,1.0
126,http://scontent-b.cdninstagram.com/hphotos-xpa1/t51.2885-15/10513723_667449300003657_211260558_n.jpg,0.0,0.0,0.0
127,http://scontent-a.cdninstagram.com/hphotos-xap1/t51.2885-15/10520220_1447171665569442_287562932_n.jpg,0.0,1.0,1.0
128,http://scontent-b.cdninstagram.com/hphotos-xpa1/t51.2885-15/10518221_832001020145560_215617438_n.jpg,0.0,1.0,1.0
129,http://scontent-b.cdninstagram.com/hphotos-xaf1/t51.2885-15/10499250_767973493270296_13534798_n.jpg,0.0,1.0,1.0
130,http://scontent-b.cdninstagram.com/hphotos-xfp1/t51.2885-15/10534920_1642991869258313_2055251360_n.jpg,0.0,0.0,1.0
131,http://scontent-a.cdninstagram.com/hphotos-xfp1/t51.2885-15/10326377_542156342562771_39123425_n.jpg,0.0,0.0,1.0
132,http://scontent-b.cdninstagram.com/hphotos-xpa1/t51.2885-15/10431938_727627850630255_814121194_n.jpg,0.0,1.0,1.0
133,http://scontent-a.cdninstagram.com/hphotos-xap1/t51.2885-15/927294_676667162369433_681773965_n.jpg,0.0,0.0,1.0
134,http://scontent-a.cdninstagram.com/hphotos-xap1/t51.2885-15/10375878_1910862279054485_1571429357_n.jpg,0.0,0.0,0.0
135,http://scontent-a.cdninstagram.com/hphotos-xap1/t51.2885-15/10326603_284410818399920_1822644865_n.jpg,0.0,0.0,0.0
136,http://scontent-a.cdninstagram.com/hphotos-xpa1/t51.2885-15/10522816_1516545778574505_1833184191_n.jpg,0.0,0.0,0.0
137,http://scontent-a.cdninstagram.com/hphotos-xaf1/t51.2885-15/10569901_1457189951214620_1382211011_n.jpg,0.0,0.0,1.0
138,http://scontent-a.cdninstagram.com/hphotos-xaf1/t51.2885-15/10547214_1525215181035253_1303343088_n.jpg,0.0,0.0,0.0
139,http://scontent-a.cdninstagram.com/hphotos-xpa1/t51.2885-15/10513877_260973650760446_429023177_n.jpg,0.0,0.0,0.0
140,http://scontent-a.cdninstagram.com/hphotos-xpf1/t51.2885-15/10547081_822103191157829_934172103_n.jpg,0.0,0.0,0.0
141,http://scontent-a.cdninstagram.com/hphotos-xfa1/t51.2885-15/10561084_739730169401550_1631475661_n.jpg,0.0,0.0,0.0
142,http://scontent-b.cdninstagram.com/hphotos-xap1/t51.2885-15/10520193_510202625776491_185698834_n.jpg,0.0,0.0,0.0
143,http://scontent-a.cdninstagram.com/hphotos-xaf1/t51.2885-15/10561104_754614841248235_1677899506_n.jpg,0.0,1.0,1.0
144,http://scontent-a.cdninstagram.com/hphotos-xpf1/t51.2885-15/10414027_1456377961283365_1431784669_n.jpg,0.0,1.0,1.0
145,http://scontent-a.cdninstagram.com/hphotos-xfp1/t51.2885-15/10488769_679071708853884_2061687427_n.jpg,0.0,0.0,0.0
146,http://scontent-b.cdninstagram.com/hphotos-xap1/t51.2885-15/10522266_331454330342336_1779521105_n.jpg,0.0,0.0,1.0
147,http://scontent-a.cdninstagram.com/hphotos-xap1/t51.2885-15/10471965_498582536941572_123072962_n.jpg,0.0,0.0,0.0
148,http://scontent-a.cdninstagram.com/hphotos-xfp1/t51.2885-15/10474914_658292984256289_98539111_n.jpg,0.0,1.0,1.0
149,http://scontent-b.cdninstagram.com/hphotos-xfp1/t51.2885-15/10502588_1469092083333583_1819233338_n.jpg,0.0,0.0,1.0
150,http://scontent-b.cdninstagram.com/hphotos-xap1/t51.2885-15/1171968_668199329926505_1381207800_n.jpg,0.0,1.0,1.0
151,http://scontent-a.cdninstagram.com/hphotos-xpa1/t51.2885-15/10522210_264765113731030_600354027_n.jpg,0.0,0.0,1.0
152,http://scontent-b.cdninstagram.com/hphotos-xpa1/t51.2885-15/10483490_241708512705372_1183551328_n.jpg,0.0,0.0,0.0
153,http://scontent-b.cdninstagram.com/hphotos-xpa1/t51.2885-15/10520279_403884359750325_501675539_n.jpg,0.0,0.0,0.0
154,http://scontent-a.cdninstagram.com/hphotos-xpa1/t51.2885-15/10387928_690717247668233_1945632247_n.jpg,0.0,0.0,0.0
155,http://scontent-b.cdninstagram.com/hphotos-xfp1/t51.2885-15/10467829_262957680565730_1846992667_n.jpg,0.0,0.0,0.0
156,http://scontent-b.cdninstagram.com/hphotos-xpa1/t51.2885-15/10369295_1491984174370292_256987441_n.jpg,0.0,1.0,1.0
157,http://scontent-a.cdninstagram.com/hphotos-xpa1/t51.2885-15/923677_853208944709269_1034014530_n.jpg,0.0,0.0,0.0
158,http://scontent-a.cdninstagram.com/hphotos-xpa1/t51.2885-15/927740_705037772884023_975390278_n.jpg,0.0,0.0,0.0
159,http://scontent-a.cdninstagram.com/hphotos-xfp1/t51.2885-15/10471773_659142960842054_492512213_n.jpg,0.0,0.0,0.0
160,http://scontent-a.cdninstagram.com/hphotos-xaf1/t51.2885-15/914409_1499363033632331_384436499_n.jpg,0.0,0.0,0.0
161,http://scontent-a.cdninstagram.com/hphotos-xfp1/t51.2885-15/10362169_312824648874270_1387747517_n.jpg,0.0,0.0,0.0
162,http://scontent-b.cdninstagram.com/hphotos-xap1/t51.2885-15/1723647_362578507216708_652346351_n.jpg,0.0,1.0,1.0
163,http://scontent-a.cdninstagram.com/hphotos-xfp1/t51.2885-15/1739841_226808110776290_733421718_n.jpg,0.0,1.0,1.0
164,http://scontent-a.cdninstagram.com/hphotos-xpa1/t51.2885-15/1530653_261805233984595_2078612258_n.jpg,0.0,0.0,1.0
165,http://scontent-b.cdninstagram.com/hphotos-xap1/t51.2885-15/1527594_252419738261317_992670683_n.jpg,0.0,1.0,1.0
166,http://scontent-b.cdninstagram.com/hphotos-xpf1/t51.2885-15/1515339_237398926432068_1593420895_n.jpg,0.0,0.0,0.0
167,http://scontent-a.cdninstagram.com/hphotos-xpa1/t51.2885-15/1515205_426829577442733_1115405736_n.jpg,0.0,0.0,0.0
168,http://scontent-b.cdninstagram.com/hphotos-xap1/t51.2885-15/1171974_559818050771824_1223172028_n.jpg,0.0,0.0,0.0
169,http://scontent-a.cdninstagram.com/hphotos-xaf1/t51.2885-15/1389220_727368170624205_1464750325_n.jpg,0.0,1.0,1.0
170,http://scontent-b.cdninstagram.com/hphotos-xfa1/t51.2885-15/1173035_1394511770790190_1019689823_n.jpg,0.0,1.0,1.0
171,http://scontent-a.cdninstagram.com/hphotos-xap1/t51.2885-15/1170042_619457224767127_171153389_n.jpg,0.0,0.0,0.0
172,http://scontent-a.cdninstagram.com/hphotos-xfp1/t51.2885-15/1170243_382139248585338_1366791167_n.jpg,0.0,0.0,0.0
173,http://scontent-b.cdninstagram.com/hphotos-xpa1/t51.2885-15/926901_179531445572591_1200259860_n.jpg,0.0,0.0,1.0
174,http://scontent-b.cdninstagram.com/hphotos-xpf1/outbound-distilleryimage6/t0.0-17/OBPTH/9c09eb6a227a11e3bd9b22000aa82186_7.jpg,0.0,0.0,0.0
175,http://scontent-b.cdninstagram.com/hphotos-xpa1/t51.2885-15/10514029_343932539092179_1783378918_n.jpg,0.0,0.0,0.0
176,http://scontent-a.cdninstagram.com/hphotos-xfa1/t51.2885-15/915430_386371411500627_1393597313_n.jpg,0.0,0.0,0.0
177,http://scontent-a.cdninstagram.com/hphotos-xpa1/t51.2885-15/927664_545567658893597_795117474_n.jpg,0.0,0.0,0.0
178,http://scontent-a.cdninstagram.com/hphotos-xap1/t51.2885-15/10251512_409607179182453_58419060_n.jpg,0.0,1.0,1.0
179,http://scontent-b.cdninstagram.com/hphotos-xap1/t51.2885-15/10296999_1458898271012378_890283967_n.jpg,0.0,0.0,0.0
180,http://scontent-a.cdninstagram.com/hphotos-xfa1/t51.2885-15/10254088_295312337298528_2132776170_n.jpg,0.0,0.0,0.0
181,http://scontent-a.cdninstagram.com/hphotos-xpa1/t51.2885-15/927635_1457155104521242_206537480_n.jpg,0.0,1.0,0.0
182,http://scontent-b.cdninstagram.com/hphotos-xap1/t51.2885-15/1515821_242509162600515_808298125_n.jpg,0.0,0.0,0.0
183,http://scontent-b.cdninstagram.com/hphotos-xaf1/t51.2885-15/1515680_1481043725440392_506028995_n.jpg,0.0,1.0,0.0
184,http://scontent-a.cdninstagram.com/hphotos-xfp1/t51.2885-15/1171075_235053436700587_1055342873_n.jpg,0.0,0.0,0.0
185,http://scontent-a.cdninstagram.com/hphotos-xpa1/t51.2885-15/923590_575916445837415_585460592_n.jpg,0.0,0.0,0.0
186,http://scontent-b.cdninstagram.com/hphotos-xap1/t51.2885-15/1530748_658633844172783_1034554015_n.jpg,0.0,0.0,0.0
187,http://scontent-a.cdninstagram.com/hphotos-xfp1/t51.2885-15/10005195_229424500586578_102291133_n.jpg,0.0,0.0,0.0
188,http://scontent-a.cdninstagram.com/hphotos-xfa1/outbound-distilleryimage1/t0.0-17/OBPTH/3715fefeb31811e3bd4512b013ef2e65_8.jpg,0.0,0.0,0.0
189,http://scontent-a.cdninstagram.com/hphotos-xaf1/outbound-distilleryimage0/t0.0-17/OBPTH/03ef5f44aee411e3a16f125d873e46fc_8.jpg,0.0,0.0,0.0
190,http://scontent-b.cdninstagram.com/hphotos-xfp1/outbound-distilleryimage2/t0.0-17/OBPTH/aade25b6ae1b11e3ad2a120ba9972426_8.jpg,0.0,0.0,0.0
191,http://scontent-b.cdninstagram.com/hphotos-xpf1/outbound-distilleryimage6/t0.0-17/OBPTH/67f9ea30a7c411e3a6c60e5dac1793be_8.jpg,0.0,1.0,1.0
192,http://scontent-a.cdninstagram.com/hphotos-xfa1/outbound-distilleryimage11/t0.0-17/OBPTH/79cb8918a16011e3a71a12e0d8b1a977_8.jpg,0.0,0.0,0.0
193,http://scontent-b.cdninstagram.com/hphotos-xpf1/t51.2885-15/1741067_614730291939498_201900307_n.jpg,0.0,1.0,1.0
194,http://scontent-b.cdninstagram.com/hphotos-xaf1/t51.2885-15/1737142_614877925255296_1810242884_n.jpg,0.0,0.0,0.0
195,http://scontent-a.cdninstagram.com/hphotos-xfa1/t51.2885-15/1922398_1469337993290027_1762204162_n.jpg,0.0,0.0,0.0
196,http://scontent-a.cdninstagram.com/hphotos-xaf1/t51.2885-15/915519_1387398838194752_29473282_n.jpg,0.0,0.0,0.0
197,http://scontent-a.cdninstagram.com/hphotos-xpa1/t51.2885-15/924265_1402540366670918_1396735235_n.jpg,0.0,0.0,1.0
198,http://scontent-b.cdninstagram.com/hphotos-xap1/t51.2885-15/926616_728342210522935_2094772018_n.jpg,0.0,1.0,1.0
199,http://scontent-a.cdninstagram.com/hphotos-xfp1/t51.2885-15/1515556_1401346953445880_1188685976_n.jpg,0.0,0.0,0.0
200,http://scontent-b.cdninstagram.com/hphotos-xap1/t51.2885-15/1527636_341724295967339_947832970_n.jpg,0.0,1.0,0.0
201,http://scontent-b.cdninstagram.com/hphotos-xfa1/t51.2885-15/917822_194015740801859_398147913_n.jpg,0.0,0.0,0.0
202,http://scontent-b.cdninstagram.com/hphotos-xap1/t51.2885-15/1530694_192334797625893_776509412_n.jpg,0.0,0.0,0.0
203,http://scontent-b.cdninstagram.com/hphotos-xaf1/t51.2885-15/1516776_767294609951371_289999765_n.jpg,0.0,1.0,0.0
204,http://scontent-b.cdninstagram.com/hphotos-xpf1/t51.2885-15/1530623_242190332625087_2043804489_n.jpg,0.0,0.0,0.0
205,http://scontent-a.cdninstagram.com/hphotos-xap1/t51.2885-15/924216_639954446045589_704502933_n.jpg,0.0,0.0,0.0
206,http://scontent-a.cdninstagram.com/hphotos-xaf1/t51.2885-15/10593357_1454558308145615_2101744984_n.jpg,0.0,0.0,0.0
207,http://scontent-b.cdninstagram.com/hphotos-xpf1/t51.2885-15/10375829_865949413420912_967265302_n.jpg,0.0,0.0,0.0
208,http://scontent-a.cdninstagram.com/hphotos-xap1/t51.2885-15/10369524_471705039629087_2031914448_n.jpg,0.0,1.0,1.0
209,http://scontent-a.cdninstagram.com/hphotos-xap1/t51.2885-15/10251525_1470660699831996_869359910_n.jpg,0.0,0.0,0.0
210,http://scontent-b.cdninstagram.com/hphotos-xfp1/t51.2885-15/1527567_692929450765825_978703272_n.jpg,0.0,0.0,0.0
211,http://scontent-a.cdninstagram.com/hphotos-xpf1/t51.2885-15/10249163_282951288547436_1966070581_n.jpg,0.0,0.0,1.0
212,http://scontent-a.cdninstagram.com/hphotos-xfa1/t51.2885-15/914677_297262230430820_1964626078_n.jpg,0.0,0.0,0.0
213,http://scontent-b.cdninstagram.com/hphotos-xpa1/t51.2885-15/10245908_615746021843357_1142441219_n.jpg,0.0,0.0,0.0
214,http://scontent-b.cdninstagram.com/hphotos-xpa1/t51.2885-15/929279_718640968187320_241171155_n.jpg,0.0,0.0,0.0
215,http://scontent-a.cdninstagram.com/hphotos-xpa1/t51.2885-15/1515744_494739313982386_345469967_n.jpg,0.0,1.0,1.0
216,http://scontent-b.cdninstagram.com/hphotos-xpa1/t51.2885-15/927194_1464424127122137_1955125439_n.jpg,0.0,1.0,0.0
217,http://scontent-b.cdninstagram.com/hphotos-xap1/t51.2885-15/1963078_443509552449882_1513627508_n.jpg,0.0,0.0,0.0
218,http://scontent-b.cdninstagram.com/hphotos-xpf1/outbound-distilleryimage1/t0.0-17/OBPTH/1030e5b4b17a11e3a3361272a5390f85_8.jpg,0.0,0.0,0.0
219,http://scontent-a.cdninstagram.com/hphotos-xaf1/outbound-distilleryimage0/t0.0-17/OBPTH/32b93784b14e11e3aeea0ebeb7807078_8.jpg,0.0,0.0,0.0
220,http://scontent-a.cdninstagram.com/hphotos-xpa1/outbound-distilleryimage7/t0.0-17/OBPTH/11a9818eb14e11e38ac81268ca8cfe2f_8.jpg,0.0,1.0,1.0
221,http://scontent-a.cdninstagram.com/hphotos-xpa1/outbound-distilleryimage7/t0.0-17/OBPTH/adbbd28aaf9f11e3afd412094635aacf_8.jpg,0.0,0.0,1.0
222,http://scontent-a.cdninstagram.com/hphotos-xaf1/outbound-distilleryimage8/t0.0-17/OBPTH/b3952ce8ada011e39b8f0ebc2702080c_8.jpg,0.0,1.0,1.0
223,http://scontent-b.cdninstagram.com/hphotos-xpf1/outbound-distilleryimage11/t0.0-17/OBPTH/bd3796baab1a11e396ce12408677aaaf_8.jpg,0.0,1.0,1.0
224,http://scontent-a.cdninstagram.com/hphotos-xfa1/outbound-distilleryimage11/t0.0-17/OBPTH/753a1cb8aaf511e3919d125d2b9382bf_8.jpg,0.0,0.0,0.0
225,http://scontent-b.cdninstagram.com/hphotos-xfp1/outbound-distilleryimage3/t0.0-17/OBPTH/6b8e7422aa5311e3a6c81248b07140bf_8.jpg,0.0,1.0,0.0
226,http://scontent-a.cdninstagram.com/hphotos-xpa1/outbound-distilleryimage7/t0.0-17/OBPTH/bf41f22ea95911e39a630ed4b936de13_8.jpg,0.0,0.0,0.0
227,http://scontent-a.cdninstagram.com/hphotos-xfa1/outbound-distilleryimage11/t0.0-17/OBPTH/6a80cc1ca79511e38f8812f348bd88bb_8.jpg,0.0,0.0,0.0
228,http://scontent-b.cdninstagram.com/hphotos-xfp1/outbound-distilleryimage6/t0.0-17/OBPTH/7bd4c836a69d11e3b330122dbaf13212_8.jpg,0.0,0.0,1.0
229,http://scontent-a.cdninstagram.com/hphotos-xaf1/outbound-distilleryimage0/t0.0-17/OBPTH/2d398ad8a19b11e3a60a12d5063491c0_8.jpg,0.0,0.0,0.0
230,http://scontent-b.cdninstagram.com/hphotos-xpa1/t51.2885-15/926663_586149898142259_1541293155_n.jpg,0.0,0.0,0.0
231,http://scontent-a.cdninstagram.com/hphotos-xap1/t51.2885-15/927858_235262316659238_170687120_n.jpg,0.0,0.0,0.0
232,http://scontent-b.cdninstagram.com/hphotos-xpf1/t51.2885-15/10536847_742294025808979_1680796696_n.jpg,0.0,0.0,0.0
233,http://scontent-b.cdninstagram.com/hphotos-xfp1/t51.2885-15/10471794_303010446540856_545562299_n.jpg,0.0,0.0,0.0
234,http://scontent-a.cdninstagram.com/hphotos-xfa1/t51.2885-15/10299726_271051743090373_1113525468_n.jpg,0.0,1.0,1.0
235,http://scontent-b.cdninstagram.com/hphotos-xfa1/t51.2885-15/10561054_1443970652532484_1712819233_n.jpg,0.0,0.0,0.0
236,http://scontent-a.cdninstagram.com/hphotos-xap1/t51.2885-15/10534983_701212879913877_698693032_n.jpg,0.0,0.0,0.0
237,http://scontent-a.cdninstagram.com/hphotos-xpf1/t51.2885-15/10549640_1503620499869591_961622523_n.jpg,0.0,0.0,0.0
238,http://scontent-a.cdninstagram.com/hphotos-xpa1/t51.2885-15/1598831_427687717362743_1462795317_n.jpg,0.0,0.0,1.0
239,http://scontent-a.cdninstagram.com/hphotos-xaf1/t51.2885-15/1169907_659358537453504_367313905_n.jpg,0.0,0.0,0.0
240,http://scontent-b.cdninstagram.com/hphotos-xfp1/t51.2885-15/1515298_584799554930568_1697893575_n.jpg,0.0,0.0,0.0
241,http://scontent-b.cdninstagram.com/hphotos-xpa1/t51.2885-15/1208299_644633502266578_992506814_n.jpg,0.0,1.0,0.0
242,http://scontent-b.cdninstagram.com/hphotos-xfp1/t51.2885-15/891259_343382749134731_1888396512_n.jpg,0.0,0.0,0.0
243,http://scontent-b.cdninstagram.com/hphotos-xpa1/t51.2885-15/1389646_659244750792796_1580007320_n.jpg,0.0,0.0,1.0
244,http://scontent-a.cdninstagram.com/hphotos-xpa1/t51.2885-15/1171004_757183840964519_1771031592_n.jpg,0.0,0.0,0.0
245,http://scontent-a.cdninstagram.com/hphotos-xfa1/t51.2885-15/10453965_653438938069410_1112290684_n.jpg,0.0,0.0,0.0
246,http://scontent-b.cdninstagram.com/hphotos-xpf1/t51.2885-15/10268783_813278962035187_1824175340_n.jpg,0.0,0.0,0.0
247,http://scontent-a.cdninstagram.com/hphotos-xfa1/outbound-distilleryimage5/t0.0-17/OBPTH/b96d6278b2c011e380301215423c68e1_8.jpg,0.0,1.0,1.0
248,http://scontent-b.cdninstagram.com/hphotos-xfp1/outbound-distilleryimage9/t0.0-17/OBPTH/e9b5f222ae4e11e3ad2d121895eb7b09_8.jpg,0.0,0.0,0.0
249,http://scontent-b.cdninstagram.com/hphotos-xap1/outbound-distilleryimage9/t0.0-17/OBPTH/fd5cc622a81111e3b28012d40f8b39a1_8.jpg,0.0,0.0,0.0
